title,publishedAt,url
https://www.protothema.gr/world/article/1503908/germania-agria-epithesi-me-mahairi-se-zodani-sundesi-sklires-eikones/,2024-05-31 12:00:00,https://www.protothema.gr/world/article/1503908/germania-agria-epithesi-me-mahairi-se-zodani-sundesi-sklires-eikones/
https://www.tothemaonline.com/Article/391814/thrhnos-gia-ton-29hrono-astynomiko-poy-mahairwthhke-apo-ton-afgano-sto-manhaim---edwse-th-zwh-toy-gia-na-prostateysei-alloys,2024-06-03 05:30:00,https://www.tothemaonline.com/Article/391814/thrhnos-gia-ton-29hrono-astynomiko-poy-mahairwthhke-apo-ton-afgano-sto-manhaim---edwse-th-zwh-toy-gia-na-prostateysei-alloys
https://www.heart.co.uk/news/uk-world/germany-knife-attack-police-officer-dies-of-h/,2024-06-03 00:30:00,https://www.heart.co.uk/news/uk-world/germany-knife-attack-police-officer-dies-of-h/
https://trinidadexpress.com/opinion/columnists/africa-s-holocaust/article_8b763f10-1003-11ef-bcd5-e39313b17ee9.html,2024-05-12 03:30:00,https://trinidadexpress.com/opinion/columnists/africa-s-holocaust/article_8b763f10-1003-11ef-bcd5-e39313b17ee9.html
https://www.politico.eu/article/murder-german-police-officer-migration-social-media-afghanistan-afd-far-right/,2024-06-03 17:45:00,https://www.politico.eu/article/murder-german-police-officer-migration-social-media-afghanistan-afd-far-right/
https://www.dailymail.co.uk/news/article-13435071/Schoolgirl-planned-terrorist-knife-axe-attack-Austria.html,2024-05-19 10:45:00,https://www.dailymail.co.uk/news/article-13435071/Schoolgirl-planned-terrorist-knife-axe-attack-Austria.html
https://www.tsn.ca/the-young-guns-of-euro-2024-1.2131682,2024-06-07 19:15:00,https://www.tsn.ca/the-young-guns-of-euro-2024-1.2131682
https://www.kompas.id/baca/english/2024/06/08/en-pm-denmark-diserang-para-politisi-eropa-jadi-target-kekerasan,2024-06-08 08:00:00,https://www.kompas.id/baca/english/2024/06/08/en-pm-denmark-diserang-para-politisi-eropa-jadi-target-kekerasan
https://www.beaufortcountynow.com/post/80160/knife-attacks-by-illegal-aliens-and-antifa-mar-germanys-eu-election-campaign.html,2024-06-07 21:45:00,https://www.beaufortcountynow.com/post/80160/knife-attacks-by-illegal-aliens-and-antifa-mar-germanys-eu-election-campaign.html
https://www.originalfm.com/news/headlines/germany-knife-attack-man-shot-after-stabbing-police-officer-in-frenzied-attack-at-far-right-event-in-mannheim/,2024-05-31 13:45:00,https://www.originalfm.com/news/headlines/germany-knife-attack-man-shot-after-stabbing-police-officer-in-frenzied-attack-at-far-right-event-in-mannheim/
http://www.trinidadandtobagonews.com/blog/?p=56035,2024-05-14 15:15:00,http://www.trinidadandtobagonews.com/blog/?p=56035
